{
  "AWSEBDockerrunVersion": 2,
  "containerDefinitions": [
    {
      "name": "client",
      "image": "imuh0001/fit4002-dasdd-client",
      "hostname": "client",
      "essential": false,
      "memory": 128
    },
    {
      "name": "api",
      "image": "imuh0001/fit4002-dasdd-api",
      "hostname": "api",
      "essential": false,
      "memory": 128
    },
    {
      "name": "nginx",
      "image": "imuh0001/fit4002-dasdd-nginx",
      "hostname": "nginx",
      "essential": true,
      "portMappings": [
        {
          "hostPort": 80,
          "containerPort": 80
        }
      ],
      "links": ["client", "api"],
      "memory": 128
    }
  ]
}
